MSISDN,LANGUAGE
+251711222187,en
+251782513415,en
+251729208376,am
+251752650585,am
+251769845600,en
+251777223013,am
+251751314581,en
+251768410249,am
+251708022646,en
+251751839367,en
+251792900920,am
+251776134556,am
+251720700659,en
+251781802862,am
+251708451916,en
+251769032696,am
+251752421535,am
+251719870816,am
+251736244886,en
+251756173328,en
+251794058618,am
+251733826730,en
+251742375066,am
+251752354467,am
+251726285731,am
+251752794141,am
+251700165475,en
+251746500822,am
+251742980810,en
+251748044324,en
+251738232563,en
+251769922527,am
+251793736674,am
+251749790813,en
+251774322406,am
+251783067572,am
+251753722794,en
+251732116649,en
+251780286202,en
+251718164146,en
+251792503236,en
+251772911142,am
+251743057903,am
+251738274112,en
+251792130073,am
+251770826407,en
+251755767395,en
+251745367170,en
+251706541947,am
+251787381731,en
+251702145070,en
+251772577554,en
+251726159267,en
+251782585177,am
+251762545817,en
+251799565454,am
+251725441176,en
+251777193804,en
+251747930373,am
+251768716193,en
+251797658516,en
+251740192550,en
+251734748586,en
+251761595517,en
+251707061389,en
+251767520037,am
+251727811227,am
+251717336586,am
+251724432991,am
+251713617088,am
+251749970562,en
+251724597821,am
+251795273823,en
+251796131692,am
+251727042039,am
+251758698515,am
+251789561717,am
+251792771215,am
+251777527357,am
+251778584293,en
+251762242806,en
+251747966981,am
+251747392476,am
+251795386943,am
+251711008701,en
+251779157168,en
+251785411056,en
+251758758968,am
+251735198556,am
+251713588944,en
+251722647432,am
+251712206262,en
+251711356007,am
+251789209105,en
+251704045410,en
+251723045968,en
+251783908215,am
+251791464752,am
+251793144108,am
+251792654344,am
